6,Emily Clark,APP1006,2005-04-10,emilyclark@email.com,555-6789,father.emily@email.com,555-9876,mother.emily@email.com,555-0123
7,Daniel Evans,APP1007,2006-08-25,danielevans@email.com,555-7890,father.daniel@email.com,555-0987,mother.daniel@email.com,555-1230
8,Olivia Turner,APP1008,2005-12-12,oliviaturner@email.com,555-8901,father.olivia@email.com,555-1098,mother.olivia@email.com,555-2341
9,Matthew Scott,APP1009,2007-02-18,matthewscott@email.com,555-9012,father.matthew@email.com,555-2109,mother.matthew@email.com,555-3452
10,Ava Harris,APP1010,2006-10-05,avaharris@email.com,555-0123,father.ava@email.com,555-3210,mother.ava@email.com,555-4563
11,William Lewis,APP1011,2005-05-21,williamlewis@email.com,555-1234,father.william@email.com,555-4321,mother.william@email.com,555-5674
12,Sophia Walker,APP1012,2006-09-30,sophiawalker@email.com,555-2345,father.sophia@email.com,555-5432,mother.sophia@email.com,555-6785
13,James Hall,APP1013,2005-11-15,jameshall@email.com,555-3456,father.james@email.com,555-6543,mother.james@email.com,555-7896
14,Isabella Allen,APP1014,2007-01-10,isabellaallen@email.com,555-4567,father.isabella@email.com,555-7654,mother.isabella@email.com,555-8907
15,Benjamin Young,APP1015,2006-08-19,benjaminyoung@email.com,555-5678,father.benjamin@email.com,555-8765,mother.benjamin@email.com,555-9018
16,Mia King,APP1016,2005-03-25,miaking@email.com,555-6789,father.mia@email.com,555-9876,mother.mia@email.com,555-0129
17,Alexander Wright,APP1017,2006-07-12,alexanderwright@email.com,555-7890,father.alexander@email.com,555-0987,mother.alexander@email.com,555-1238
18,Charlotte Lopez,APP1018,2005-12-28,charlottelopez@email.com,555-8901,father.charlotte@email.com,555-1098,mother.charlotte@email.com,555-2347
19,Elijah Hill,APP1019,2007-02-03,elijahhill@email.com,555-9012,father.elijah@email.com,555-2109,mother.elijah@email.com,555-3456
20,Amelia Green,APP1020,2006-10-22,ameliagreen@email.com,555-0123,father.amelia@email.com,555-3210,mother.amelia@email.com,555-4565
21,Logan Adams,APP1021,2005-05-09,loganadams@email.com,555-1234,father.logan@email.com,555-4321,mother.logan@email.com,555-5676
22,Harper Nelson,APP1022,2006-09-14,harpernelson@email.com,555-2345,father.harper@email.com,555-5432,mother.harper@email.com,555-6787
23,Jackson Carter,APP1023,2005-11-29,jacksoncarter@email.com,555-3456,father.jackson@email.com,555-6543,mother.jackson@email.com,555-7898
24,Evelyn Mitchell,APP1024,2007-01-17,evelynmitchell@email.com,555-4567,father.evelyn@email.com,555-7654,mother.evelyn@email.com,555-8909
25,Lucas Perez,APP1025,2006-08-07,lucasperez@email.com,555-5678,father.lucas@email.com,555-8765,mother.lucas@email.com,555-9010
26,Abigail Roberts,APP1026,2005-04-18,abigailroberts@email.com,555-6789,father.abigail@email.com,555-9876,mother.abigail@email.com,555-0121
27,Mason Campbell,APP1027,2006-07-27,masoncampbell@email.com,555-7890,father.mason@email.com,555-0987,mother.mason@email.com,555-1232
28,Emily Parker,APP1028,2005-12-06,emilyparker@email.com,555-8901,father.emilyp@email.com,555-1098,mother.emilyp@email.com,555-2343
29,Henry Evans,APP1029,2007-02-25,henryevans@email.com,555-9012,father.henry@email.com,555-2109,mother.henry@email.com,555-3454
30,Elizabeth Edwards,APP1030,2006-10-13,elizabethedwards@email.com,555-0123,father.elizabeth@email.com,555-3210,mother.elizabeth@email.com,555-4567
31,Jack Collins,APP1031,2005-05-30,jackcollins@email.com,555-1234,father.jack@email.com,555-4321,mother.jack@email.com,555-5678
32,Sofia Stewart,APP1032,2006-09-21,sofiastewart@email.com,555-2345,father.sofia@email.com,555-5432,mother.sofia@email.com,555-6789
33,Aiden Sanchez,APP1033,2005-11-11,aidensanchez@email.com,555-3456,father.aiden@email.com,555-6543,mother.aiden@email.com,555-7890
34,Chloe Morris,APP1034,2007-01-28,chloemorris@email.com,555-4567,father.chloe@email.com,555-7654,mother.chloe@email.com,555-8901
35,Samuel Rogers,APP1035,2006-08-16,samuelrogers@email.com,555-5678,father.samuel@email.com,555-8765,mother.samuel@email.com,555-9012
36,Grace Reed,APP1036,2005-03-12,gracereed@email.com,555-6789,father.grace@email.com,555-9876,mother.grace@email.com,555-0123
37,David Cook,APP1037,2006-07-23,davidcook@email.com,555-7890,father.davidc@email.com,555-0987,mother.davidc@email.com,555-1234
38,Victoria Morgan,APP1038,2005-12-19,victoriamorgan@email.com,555-8901,father.victoria@email.com,555-1098,mother.victoria@email.com,555-2345
39,Joseph Bailey,APP1039,2007-02-07,josephbailey@email.com,555-9012,father.joseph@email.com,555-2109,mother.joseph@email.com,555-3456
40,Lily Rivera,APP1040,2006-10-29,lilyrivera@email.com,555-0123,father.lily@email.com,555-3210,mother.lily@email.com,555-4567
41,Owen Cooper,APP1041,2005-05-17,owencooper@email.com,555-1234,father.owen@email.com,555-4321,mother.owen@email.com,555-5678
42,Ella Richardson,APP1042,2006-09-03,ellarichardson@email.com,555-2345,father.ella@email.com,555-5432,mother.ella@email.com,555-6789
43,Wyatt Cox,APP1043,2005-11-24,wyattcox@email.com,555-3456,father.wyatt@email.com,555-6543,mother.wyatt@email.com,555-7890
44,Scarlett Howard,APP1044,2007-01-13,scarlethoward@email.com,555-4567,father.scarlett@email.com,555-7654,mother.scarlett@email.com,555-8901
45,Julian Ward,APP1045,2006-08-04,julianward@email.com,555-5678,father.julian@email.com,555-8765,mother.julian@email.com,555-9012
46,Penelope Torres,APP1046,2005-04-22,penelopetorres@email.com,555-6789,father.penelope@email.com,555-9876,mother.penelope@email.com,555-0123
47,Levi Peterson,APP1047,2006-07-15,levipeterson@email.com,555-7890,father.levi@email.com,555-0987,mother.levi@email.com,555-1234
48,Aria Gray,APP1048,2005-12-02,ariagray@email.com,555-8901,father.aria@email.com,555-1098,mother.aria@email.com,555-2345
49,Isaac Ramirez,APP1049,2007-02-20,isaacramirez@email.com,555-9012,father.isaac@email.com,555-2109,mother.isaac@email.com,555-3456
50,Zoey James,APP1050,2006-10-17,zoeyjames@email.com,555-0123,father.zoey@email.com,555-3210,mother.zoey@email.com,555-4567
51,Lincoln Watson,APP1051,2005-05-04,lincolnwatson@email.com,555-1234,father.lincoln@email.com,555-4321,mother.lincoln@email.com,555-5678
52,Nora Brooks,APP1052,2006-09-26,norabrooks@email.com,555-2345,father.nora@email.com,555-5432,mother.nora@email.com,555-6789
53,Ezra Kelly,APP1053,2005-11-08,ezrakelly@email.com,555-3456,father.ezra@email.com,555-6543,mother.ezra@email.com,555-7890
54,Stella Sanders,APP1054,2007-01-31,stellasanders@email.com,555-4567,father.stella@email.com,555-7654,mother.stella@email.com,555-8901
55,Leo Price,APP1055,2006-08-13,leoprice@email.com,555-5678,father.leo@email.com,555-8765,mother.leo@email.com,555-9012
56,Hannah Bennett,APP1056,2005-03-28,hannahbennett@email.com,555-6789,father.hannah@email.com,555-9876,mother.hannah@email.com,555-0123
57,Grayson Wood,APP1057,2006-07-10,graysonwood@email.com,555-7890,father.grayson@email.com,555-0987,mother.grayson@email.com,555-1234
58,Addison Barnes,APP1058,2005-12-25,addisonbarnes@email.com,555-8901,father.addison@email.com,555-1098,mother.addison@email.com,555-2345
59,Eliana Ross,APP1059,2007-02-01,elianaross@email.com,555-9012,father.eliana@email.com,555-2109,mother.eliana@email.com,555-3456
60,Matthew Henderson,APP1060,2006-10-24,matthewhenderson@email.com,555-0123,father.matthew@email.com,555-3210,mother.matthew@email.com,555-4567
61,Victoria Coleman,APP1061,2005-05-12,victoriacoleman@email.com,555-1234,father.victoria@email.com,555-4321,mother.victoria@email.com,555-5678
62,Jayden Jenkins,APP1062,2006-09-19,jaydenjenkins@email.com,555-2345,father.jayden@email.com,555-5432,mother.jayden@email.com,555-6789
63,Lucy Perry,APP1063,2005-11-27,lucyperry@email.com,555-3456,father.lucy@email.com,555-6543,mother.lucy@email.com,555-7890
64,Christopher Powell,APP1064,2007-01-15,christopherpowell@email.com,555-4567,father.christopher@email.com,555-7654,mother.christopher@email.com,555-8901
65,Audrey Long,APP1065,2006-08-01,audreylong@email.com,555-5678,father.audrey@email.com,555-8765,mother.audrey@email.com,555-9012
66,Joshua Patterson,APP1066,2005-04-15,joshuapatterson@email.com,555-6789,father.joshua@email.com,555-9876,mother.joshua@email.com,555-0123
67,Leah Hughes,APP1067,2006-07-29,leahhughes@email.com,555-7890,father.leah@email.com,555-0987,mother.leah@email.com,555-1234
68,Jack Flores,APP1068,2005-12-10,jackflores@email.com,555-8901,father.jackf@email.com,555-1098,mother.jackf@email.com,555-2345
69,Ellie Washington,APP1069,2007-02-27,elliewashington@email.com,555-9012,father.ellie@email.com,555-2109,mother.ellie@email.com,555-3456
70,Caleb Butler,APP1070,2006-10-15,calebbutler@email.com,555-0123,father.caleb@email.com,555-3210,mother.caleb@email.com,555-4567
71,Zoey Simmons,APP1071,2005-05-27,zoeysimmons@email.com,555-1234,father.zoey@email.com,555-4321,mother.zoey@email.com,555-5678
72,Isaiah Foster,APP1072,2006-09-11,isaiahfoster@email.com,555-2345,father.isaiah@email.com,555-5432,mother.isaiah@email.com,555-6789
73,Elizabeth Gonzales,APP1073,2005-11-13,elizabethgonzales@email.com,555-3456,father.elizabeth@email.com,555-6543,mother.elizabeth@email.com,555-7890
74,Anthony Bryant,APP1074,2007-01-19,anthonybryant@email.com,555-4567,father.anthony@email.com,555-7654,mother.anthony@email.com,555-8901
75,Grace Alexander,APP1075,2006-08-09,gracealexander@email.com,555-5678,father.grace@email.com,555-8765,mother.grace@email.com,555-9012
76,Julian Russell,APP1076,2005-03-31,julianrussell@email.com,555-6789,father.julian@email.com,555-9876,mother.julian@email.com,555-0123
77,Scarlett Griffin,APP1077,2006-07-13,scarlettgriffin@email.com,555-7890,father.scarlett@email.com,555-0987,mother.scarlett@email.com,555-1234
78,Christian Diaz,APP1078,2005-12-21,christiandiaz@email.com,555-8901,father.christian@email.com,555-1098,mother.christian@email.com,555-2345
79,Penelope Hayes,APP1079,2007-02-09,penelopehayes@email.com,555-9012,father.penelope@email.com,555-2109,mother.penelope@email.com,555-3456
80,Wyatt Myers,APP1080,2006-10-27,wyattmyers@email.com,555-0123,father.wyatt@email.com,555-3210,mother.wyatt@email.com,555-4567
81,Victoria Ford,APP1081,2005-05-14,victoriaford@email.com,555-1234,father.victoria@email.com,555-4321,mother.victoria@email.com,555-5678
82,Levi Hamilton,APP1082,2006-09-23,levihamilton@email.com,555-2345,father.levi@email.com,555-5432,mother.levi@email.com,555-6789
83,Lucy Graham,APP1083,2005-11-05,lucygraham@email.com,555-3456,father.lucy@email.com,555-6543,mother.lucy@email.com,555-7890
84,Henry Sullivan,APP1084,2007-01-27,henrysullivan@email.com,555-4567,father.henry@email.com,555-7654,mother.henry@email.com,555-8901
85,Chloe Wallace,APP1085,2006-08-11,chloewallace@email.com,555-5678,father.chloe@email.com,555-8765,mother.chloe@email.com,555-9012
86,Jackson West,APP1086,2005-03-19,jacksonwest@email.com,555-6789,father.jackson@email.com,555-9876,mother.jackson@email.com,555-0123
87,Stella Cole,APP1087,2006-07-25,stellacole@email.com,555-7890,father.stella@email.com,555-0987,mother.stella@email.com,555-1234
88,David Jordan,APP1088,2005-12-14,davidjordan@email.com,555-8901,father.david@email.com,555-1098,mother.david@email.com,555-2345
89,Aria Chapman,APP1089,2007-02-23,ariachapman@email.com,555-9012,father.aria@email.com,555-2109,mother.aria@email.com,555-3456
90,Matthew Carter,APP1090,2006-10-19,matthewcarter@email.com,555-0123,father.matthew@email.com,555-3210,mother.matthew@email.com,555-4567
91,Emily Phillips,APP1091,2005-05-02,emilyphillips@email.com,555-1234,father.emily@email.com,555-4321,mother.emily@email.com,555-5678
92,James Campbell,APP1092,2006-09-28,jamescampbell@email.com,555-2345,father.james@email.com,555-5432,mother.james@email.com,555-6789
93,Olivia Parker,APP1093,2005-11-17,oliviaparker@email.com,555-3456,father.olivia@email.com,555-6543,mother.olivia@email.com,555-7890
94,Alexander Evans,APP1094,2007-01-11,alexanderevans@email.com,555-4567,father.alexander@email.com,555-7654,mother.alexander@email.com,555-8901
95,Charlotte Edwards,APP1095,2006-08-21,charlotteedwards@email.com,555-5678,father.charlotte@email.com,555-8765,mother.charlotte@email.com,555-9012
96,Elijah Morris,APP1096,2005-03-23,elijahmorris@email.com,555-6789,father.elijah@email.com,555-9876,mother.elijah@email.com,555-0123
97,Sophia Stewart,APP1097,2006-07-18,sophiastewart@email.com,555-7890,father.sophia@email.com,555-0987,mother.sophia@email.com,555-1234
98,William Sanchez,APP1098,2005-12-08,williamsanchez@email.com,555-8901,father.william@email.com,555-1098,mother.william@email.com,555-2345
99,Ava Ramirez,APP1099,2007-02-05,avaramirez@email.com,555-9012,father.ava@email.com,555-2109,mother.ava@email.com,555-3456
100,Logan Brooks,APP1100,2006-10-11,loganbrooks@email.com,555-0123,father.logan@email.com,555-3210,mother.logan@email.com,555-4567
105,Lucas Bennett,APP1105,2005-05-06,lucasbennett@email.com,555-1234,father.lucas@email.com,555-4321,mother.lucas@email.com,555-5678
106,Harper Gray,APP1106,2006-09-24,harpergray@email.com,555-2345,father.harper@email.com,555-5432,mother.harper@email.com,555-6789
107,Jackson Hughes,APP1107,2005-11-10,jacksonhughes@email.com,555-3456,father.jackson@email.com,555-6543,mother.jackson@email.com,555-7890
108,Evelyn Patterson,APP1108,2007-01-29,evelynpatterson@email.com,555-4567,father.evelyn@email.com,555-7654,mother.evelyn@email.com,555-8901
109,Henry Simmons,APP1109,2006-08-15,henrysimmons@email.com,555-5678,father.henry@email.com,555-8765,mother.henry@email.com,555-9012
110,Elizabeth Foster,APP1110,2005-03-27,elizabethfoster@email.com,555-6789,father.elizabeth@email.com,555-9876,mother.elizabeth@email.com,555-0123